timestamp,approach_name,dataset_name,classifier_name,sensitive_name,samples,tot_inputs,disc_inputs,disc_rate,elapsed_time,egs
2024-09-03 12:08:38,AEQUITAS,census,dt,sex,5,13501,785,5.8144,314.87229228019714,2.4930742375434156
2024-09-03 12:19:05,AEQUITAS,census,dt,sex,12,13642,1502,11.0101,304.26461005210876,4.936492613264374
2024-09-03 12:29:35,AEQUITAS,census,dt,sex,9,13564,1171,8.6331,308.43655729293823,3.796566821642483
2024-09-03 12:40:09,AEQUITAS,census,dt,sex,11,13517,989,7.3167,312.1822612285614,3.1680211300536154
2024-09-03 12:50:49,AEQUITAS,census,dt,sex,9,13454,782,5.8124,317.8274624347687,2.460454467997707
2024-09-03 13:01:18,AEQUITAS,census,dt,sex,9,13606,1227,9.0181,308.81316018104553,3.97327626607835
2024-09-03 13:11:49,AEQUITAS,census,dt,sex,13,13555,1149,8.4766,308.8898756504059,3.719772289657077
2024-09-03 13:22:19,AEQUITAS,census,dt,sex,11,13604,1268,9.3208,308.0337595939636,4.116431918603406
2024-09-03 13:32:54,AEQUITAS,census,dt,sex,10,13374,880,6.5799,313.68094849586487,2.8053983011072177
2024-09-03 13:43:15,AEQUITAS,census,dt,sex,12,13582,1756,12.9289,300.0539662837982,5.852280580551077
2024-09-03 13:54:28,AEQUITAS,census,dt,age,572,8446,5775,68.3756,308.2854962348938,18.73263604850168
2024-09-03 14:06:14,AEQUITAS,census,dt,age,575,6809,3688,54.1636,341.4289405345917,10.801661962883173
2024-09-03 14:17:58,AEQUITAS,census,dt,age,572,9861,7075,71.7473,340.11414217948914,20.80184009598253
2024-09-03 14:29:13,AEQUITAS,census,dt,age,576,6896,4037,58.5412,311.6929476261139,12.951849025607459
2024-09-03 14:40:34,AEQUITAS,census,dt,age,561,8585,5783,67.3617,316.27298951148987,18.284836808013
2024-09-03 14:52:12,AEQUITAS,census,dt,age,555,7499,4554,60.7281,332.9193572998047,13.678988319982173
2024-09-03 15:03:36,AEQUITAS,census,dt,age,580,9440,6691,70.8792,319.3422293663025,20.952443443754717
2024-09-03 15:14:48,AEQUITAS,census,dt,age,598,7757,4957,63.9036,308.18157029151917,16.08467370489095
2024-09-03 15:26:29,AEQUITAS,census,dt,age,555,7731,4683,60.5743,335.5982232093811,13.954185916765885
2024-09-03 15:38:02,AEQUITAS,census,dt,age,568,7701,4746,61.6284,325.97694873809814,14.559311688671308
2024-09-03 15:49:30,AEQUITAS,census,dt,race,4,6905,776,11.2382,333.5351011753082,2.3265917058370698
2024-09-03 16:00:37,AEQUITAS,census,dt,race,3,5973,147,2.4611,314.97664189338684,0.4667012738352722
2024-09-03 16:11:42,AEQUITAS,census,dt,race,5,6066,216,3.5608,312.9752836227417,0.6901503450999822
2024-09-03 16:22:38,AEQUITAS,census,dt,race,2,6150,350,5.6911,304.65904331207275,1.1488252447556035
2024-09-03 16:33:37,AEQUITAS,census,dt,race,2,6055,327,5.4005,305.75253558158875,1.0694923572031718
2024-09-03 16:44:43,AEQUITAS,census,dt,race,1,6126,218,3.5586,312.2263066768646,0.6982115066480188
2024-09-03 16:55:46,AEQUITAS,census,dt,race,3,5939,222,3.738,311.2460219860077,0.7132621280858658
2024-09-03 17:06:43,AEQUITAS,census,dt,race,1,6072,337,5.5501,305.3232572078705,1.103748214537628
2024-09-03 17:18:16,AEQUITAS,census,dt,race,1,6770,627,9.2614,340.94793033599854,1.8389904856794463
2024-09-03 17:29:18,AEQUITAS,census,dt,race,3,6076,250,4.1145,309.8589577674866,0.8068186951935602
2024-09-03 17:40:20,AEQUITAS,census,rf,sex,64,10353,1566,15.1261,328.5756211280823,4.766026142242478
2024-09-03 17:51:03,AEQUITAS,census,rf,sex,69,10255,2118,20.6533,311.3107268810272,6.803491871995244
2024-09-03 18:01:56,AEQUITAS,census,rf,sex,58,10215,1761,17.2394,321.06403374671936,5.484887171726048
2024-09-03 18:12:44,AEQUITAS,census,rf,sex,67,9556,910,9.5228,315.08369731903076,2.8881214983287453
2024-09-03 18:23:49,AEQUITAS,census,rf,sex,60,10872,2463,22.6545,332.28217458724976,7.4123747476356785
2024-09-03 18:34:36,AEQUITAS,census,rf,sex,55,10409,2034,19.5408,313.9920356273651,6.477871312678392
2024-09-03 18:45:11,AEQUITAS,census,rf,sex,63,9419,1195,12.6871,303.445232629776,3.938107676445133
2024-09-03 18:56:04,AEQUITAS,census,rf,sex,62,11160,3013,26.9982,320.40826988220215,9.403627444159687
2024-09-03 19:06:39,AEQUITAS,census,rf,sex,63,10248,2396,23.3802,303.0839354991913,7.905400845655818
2024-09-03 19:17:18,AEQUITAS,census,rf,sex,58,10384,2357,22.6984,305.2763729095459,7.72087265560635
2024-09-03 19:29:59,AEQUITAS,census,rf,age,135,3513,968,27.5548,315.9589819908142,3.063688817772373
2024-09-03 19:43:15,AEQUITAS,census,rf,age,153,3545,792,22.3413,349.5448999404907,2.2658033349502062
2024-09-03 19:56:12,AEQUITAS,census,rf,age,156,3523,874,24.8084,330.26460552215576,2.6463629023103654
2024-09-03 20:09:00,AEQUITAS,census,rf,age,128,3563,917,25.7367,322.070294380188,2.8472045264675265
2024-09-03 20:21:49,AEQUITAS,census,rf,age,140,3482,918,26.3642,317.17141938209534,2.8943339276547126
2024-09-03 20:35:19,AEQUITAS,census,rf,age,156,4383,1592,36.3222,365.80994939804077,4.35198660566701
2024-09-03 20:48:45,AEQUITAS,census,rf,age,135,4395,1640,37.3151,353.79984283447266,4.6353892835596415
2024-09-03 21:02:23,AEQUITAS,census,rf,age,143,3547,621,17.5078,373.0231590270996,1.6647759930500325
2024-09-03 21:15:11,AEQUITAS,census,rf,age,123,3493,910,26.0521,319.1253912448883,2.8515437034018087
2024-09-03 21:29:05,AEQUITAS,census,rf,age,139,3551,534,15.038,387.9867014884949,1.376335833035852
2024-09-03 21:40:46,AEQUITAS,census,rf,race,34,4378,224,5.1165,320.06774640083313,0.6998518361155834
2024-09-03 21:52:15,AEQUITAS,census,rf,race,48,4436,339,7.642,309.82953000068665,1.0941500637439199
2024-09-03 22:03:35,AEQUITAS,census,rf,race,51,4389,433,9.8656,301.48961567878723,1.436202036428765
2024-09-03 22:15:20,AEQUITAS,census,rf,race,30,4379,168,3.8365,323.36456179618835,0.5195374504454442
2024-09-03 22:26:55,AEQUITAS,census,rf,race,43,4448,268,6.0252,317.91609382629395,0.8429897234030324
2024-09-03 22:38:15,AEQUITAS,census,rf,race,30,4345,427,9.8274,300.5208580493927,1.420866434268664
2024-09-03 22:50:00,AEQUITAS,census,rf,race,34,4361,141,3.2332,326.33162903785706,0.4320758009749735
2024-09-03 23:02:09,AEQUITAS,census,rf,race,42,5180,795,15.3475,351.9312834739685,2.2589637163040215
2024-09-03 23:14:33,AEQUITAS,census,rf,race,42,5146,674,13.0976,363.7408776283264,1.8529674321858844
2024-09-03 23:25:55,AEQUITAS,census,rf,race,36,4365,408,9.3471,302.3325300216675,1.3495074445702537
2024-09-03 23:36:25,AEQUITAS,census,mlp,sex,34,12756,2278,17.8583,303.736896276474,7.49991202229995
2024-09-03 23:47:07,AEQUITAS,census,mlp,sex,28,12849,1603,12.4757,318.4600656032562,5.0335981592023185
2024-09-03 23:57:49,AEQUITAS,census,mlp,sex,35,12907,1623,12.5746,318.33415961265564,5.098416085709566
2024-09-04 00:08:22,AEQUITAS,census,mlp,sex,24,13396,3157,23.5667,308.52281975746155,10.232630450097034
2024-09-04 00:19:00,AEQUITAS,census,mlp,sex,24,13484,2961,21.9594,314.4020199775696,9.41787842269985
2024-09-04 00:29:36,AEQUITAS,census,mlp,sex,27,13789,3170,22.9893,312.3284184932709,10.14957273274285
2024-09-04 00:40:07,AEQUITAS,census,mlp,sex,36,12131,1009,8.3175,306.245769739151,3.2947393881046243
2024-09-04 00:50:53,AEQUITAS,census,mlp,sex,36,13499,2654,19.6607,320.5147657394409,8.28042974518541
2024-09-04 01:01:20,AEQUITAS,census,mlp,sex,28,12126,1112,9.1704,303.85892510414124,3.6595930154721814
2024-09-04 01:11:47,AEQUITAS,census,mlp,sex,35,12093,1155,9.551,301.86969208717346,3.8261542323581823
2024-09-04 01:23:38,AEQUITAS,census,mlp,age,137,10674,8135,76.2132,305.2128818035126,26.653527701485036
2024-09-04 01:35:27,AEQUITAS,census,mlp,age,141,11971,9715,81.1545,303.13711166381836,32.04820401790335
2024-09-04 01:47:21,AEQUITAS,census,mlp,age,129,9238,6670,72.2018,307.1939809322357,21.712665006516982
2024-09-04 01:59:25,AEQUITAS,census,mlp,age,132,9077,6334,69.7808,315.76522397994995,20.059207027820733
2024-09-04 02:11:36,AEQUITAS,census,mlp,age,105,9380,6663,71.0341,319.9890787601471,20.822585651413302
2024-09-04 02:24:07,AEQUITAS,census,mlp,age,132,6851,3716,54.2403,343.35942816734314,10.822478415210234
2024-09-04 02:36:11,AEQUITAS,census,mlp,age,133,9210,6541,71.0206,316.82474184036255,20.645483562946584
2024-09-04 02:48:01,AEQUITAS,census,mlp,age,139,5987,3100,51.7789,302.8404688835144,10.236412628169568
2024-09-04 02:59:49,AEQUITAS,census,mlp,age,133,6781,4000,58.9883,300.47432589530945,13.312285460933758
2024-09-04 03:11:36,AEQUITAS,census,mlp,age,146,13050,10881,83.3793,300.9212200641632,36.15896545175487
2024-09-04 03:23:14,AEQUITAS,census,mlp,race,9,6126,553,9.0271,338.1161322593689,1.635532727482502
2024-09-04 03:35:08,AEQUITAS,census,mlp,race,13,6059,249,4.1096,355.15118646621704,0.7011098638795779
2024-09-04 03:46:55,AEQUITAS,census,mlp,race,7,6040,356,5.894,348.97780442237854,1.0201221839573564
2024-09-04 03:58:37,AEQUITAS,census,mlp,race,7,6038,457,7.5687,343.2358510494232,1.3314459972719914
2024-09-04 04:09:39,AEQUITAS,census,mlp,race,7,5229,136,2.6009,301.24026560783386,0.4514668705579022
2024-09-04 04:21:31,AEQUITAS,census,mlp,race,5,6003,276,4.5977,353.2116253376007,0.7814012342776046
2024-09-04 04:33:16,AEQUITAS,census,mlp,race,10,6169,401,6.5002,346.26971197128296,1.158056815645649
2024-09-04 04:45:04,AEQUITAS,census,mlp,race,8,5993,409,6.8246,346.7128396034241,1.179650573275051
2024-09-04 04:56:29,AEQUITAS,census,mlp,race,8,6036,728,12.061,326.79019570350647,2.227729012594084
2024-09-04 05:08:19,AEQUITAS,census,mlp,race,6,6021,277,4.6006,351.7159249782562,0.7875674097416109
2024-09-04 05:13:54,AEQUITAS,census,svm,sex,0,1001,0,0.0,4.76837158203125e-06,0.0
2024-09-04 05:19:29,AEQUITAS,census,svm,sex,0,1001,0,0.0,4.291534423828125e-06,0.0
2024-09-04 05:25:04,AEQUITAS,census,svm,sex,0,1001,0,0.0,4.0531158447265625e-06,0.0
2024-09-04 05:36:14,AEQUITAS,census,svm,sex,1,9405,129,1.3716,332.9979374408722,0.38738978682985237
2024-09-04 05:41:47,AEQUITAS,census,svm,sex,0,1001,0,0.0,4.5299530029296875e-06,0.0
2024-09-04 05:47:21,AEQUITAS,census,svm,sex,0,1001,0,0.0,4.5299530029296875e-06,0.0
2024-09-04 05:52:56,AEQUITAS,census,svm,sex,0,1001,0,0.0,4.0531158447265625e-06,0.0
2024-09-04 05:58:33,AEQUITAS,census,svm,sex,0,1001,0,0.0,4.291534423828125e-06,0.0
2024-09-04 06:04:07,AEQUITAS,census,svm,sex,0,1001,0,0.0,3.814697265625e-06,0.0
2024-09-04 06:15:14,AEQUITAS,census,svm,sex,1,9415,182,1.9331,331.56853771209717,0.5489061213583287
2024-09-04 06:29:02,AEQUITAS,census,svm,age,6,3501,440,12.5678,371.79116678237915,1.1834600692854695
2024-09-04 06:43:22,AEQUITAS,census,svm,age,9,3474,271,7.8008,404.17004323005676,0.6705098622208986
2024-09-04 06:57:47,AEQUITAS,census,svm,age,14,3532,259,7.333,407.37107849121094,0.6357839662041397
2024-09-04 07:11:38,AEQUITAS,census,svm,age,3,3530,454,12.8612,373.4136793613434,1.2158097710198645
2024-09-04 07:25:36,AEQUITAS,census,svm,age,9,3543,429,12.1084,379.1821324825287,1.131382423510598
2024-09-04 07:39:42,AEQUITAS,census,svm,age,11,3489,393,11.264,386.32425570487976,1.0172801583036504
2024-09-04 07:53:30,AEQUITAS,census,svm,age,14,3536,485,13.7161,369.8756504058838,1.3112514961927997
2024-09-04 08:06:08,AEQUITAS,census,svm,age,12,3530,914,25.8924,304.264342546463,3.003966854448042
2024-09-04 08:20:20,AEQUITAS,census,svm,age,12,3515,330,9.3883,396.11794209480286,0.833085212588076
2024-09-04 08:34:24,AEQUITAS,census,svm,age,17,3477,388,11.159,385.4088363647461,1.0067231557524583
2024-09-04 08:46:04,AEQUITAS,census,svm,race,2,4376,121,2.7651,319.1833555698395,0.37909244917855495
2024-09-04 08:57:50,AEQUITAS,census,svm,race,4,4293,86,2.0033,324.6893627643585,0.26486854779537083
2024-09-04 09:09:33,AEQUITAS,census,svm,race,3,4358,114,2.6159,322.14086413383484,0.35388245544855246
2024-09-04 09:21:17,AEQUITAS,census,svm,race,2,4361,125,2.8663,322.26271772384644,0.38788228710686623
2024-09-04 09:27:36,AEQUITAS,census,svm,race,0,1001,0,0.0,4.0531158447265625e-06,0.0
2024-09-04 09:39:17,AEQUITAS,census,svm,race,3,4354,139,3.1925,319.51519894599915,0.4350340780611573
2024-09-04 09:51:01,AEQUITAS,census,svm,race,1,4413,101,2.2887,322.88936948776245,0.31280063558682103
2024-09-04 10:02:51,AEQUITAS,census,svm,race,2,4383,67,1.5286,327.05030512809753,0.20486145082102203
2024-09-04 10:14:31,AEQUITAS,census,svm,race,3,4333,128,2.9541,320.90277767181396,0.3988747025770687
2024-09-04 10:26:19,AEQUITAS,census,svm,race,4,4406,43,0.9759,329.4088771343231,0.130536858551222
2024-09-04 10:36:46,AEQUITAS,census,lr,sex,4,13628,772,5.6648,304.76642417907715,2.5330874359912494
2024-09-04 10:47:10,AEQUITAS,census,lr,sex,2,13520,756,5.5917,303.6534242630005,2.489680469880731
2024-09-04 10:57:37,AEQUITAS,census,lr,sex,4,13744,559,4.0672,307.21969771385193,1.8195447888262009
2024-09-04 11:08:05,AEQUITAS,census,lr,sex,6,13526,753,5.5671,307.18247723579407,2.4513116984273657
2024-09-04 11:18:31,AEQUITAS,census,lr,sex,6,13690,704,5.1424,305.17214369773865,2.3068946971034325
2024-09-04 11:28:56,AEQUITAS,census,lr,sex,6,13590,753,5.5408,303.76007986068726,2.4789300830620884
2024-09-04 11:39:24,AEQUITAS,census,lr,sex,11,13472,810,6.0125,307.5361385345459,2.633836803244545
2024-09-04 11:49:49,AEQUITAS,census,lr,sex,7,13121,594,4.5271,305.15453362464905,1.946554727352146
2024-09-04 12:00:13,AEQUITAS,census,lr,sex,2,13548,700,5.1668,303.63772082328796,2.305378917026545
2024-09-04 12:10:42,AEQUITAS,census,lr,sex,12,13555,604,4.4559,308.62126064300537,1.9570913511971915
2024-09-04 12:22:31,AEQUITAS,census,lr,age,42,5903,2443,41.3857,314.45262360572815,7.769055865989912
2024-09-04 12:34:07,AEQUITAS,census,lr,age,54,4388,750,17.0921,300.9374234676361,2.4922124718086374
2024-09-04 12:46:21,AEQUITAS,census,lr,age,65,5170,1340,25.9188,337.6562349796295,3.9685332630710666
2024-09-04 12:58:03,AEQUITAS,census,lr,age,61,5165,1653,32.0039,307.56358194351196,5.3744984681040515
2024-09-04 13:10:09,AEQUITAS,census,lr,age,67,6034,2339,38.7637,332.3064708709717,7.03868327893076
2024-09-04 13:22:06,AEQUITAS,census,lr,age,55,5147,1456,28.2883,320.27265644073486,4.546126466682699
2024-09-04 13:34:08,AEQUITAS,census,lr,age,53,5949,2280,38.3258,326.33772015571594,6.986627224435075
2024-09-04 13:45:42,AEQUITAS,census,lr,age,49,5213,1717,32.9369,300.19451928138733,5.7196247423510425
2024-09-04 13:58:06,AEQUITAS,census,lr,age,67,5225,1251,23.9426,349.29725337028503,3.5814767735199817
2024-09-04 14:10:08,AEQUITAS,census,lr,age,58,5212,1450,27.8204,326.94943618774414,4.434936536080664
2024-09-04 14:21:03,AEQUITAS,census,lr,race,7,6012,255,4.2415,300.64136934280396,0.8481866635899941
2024-09-04 14:31:53,AEQUITAS,census,lr,race,7,5936,250,4.2116,300.3862495422363,0.8322617975389327
2024-09-04 14:43:28,AEQUITAS,census,lr,race,3,6844,414,6.0491,344.5064187049866,1.201719264204837
2024-09-04 14:55:03,AEQUITAS,census,lr,race,6,6917,372,5.3781,344.68879079818726,1.079234399060581
2024-09-04 15:06:35,AEQUITAS,census,lr,race,10,6958,398,5.72,342.2660183906555,1.162838197818782
2024-09-04 15:18:11,AEQUITAS,census,lr,race,8,6904,310,4.4902,347.3137204647064,0.8925647958428461
2024-09-04 15:29:42,AEQUITAS,census,lr,race,8,6872,431,6.2718,340.2121670246124,1.266856514184631
2024-09-04 15:41:17,AEQUITAS,census,lr,race,6,6897,289,4.1902,346.4734482765198,0.8341187511989365
2024-09-04 15:52:52,AEQUITAS,census,lr,race,7,6971,245,3.5146,346.4774765968323,0.7071166714974856
2024-09-04 16:04:30,AEQUITAS,census,lr,race,14,6827,299,4.3797,348.06623554229736,0.85903190102352
2024-09-04 16:15:27,AEQUITAS,credit,dt,sex,6,8882,1125,12.6661,324.5236747264862,3.466619194880522
2024-09-04 16:26:24,AEQUITAS,credit,dt,sex,5,8589,1124,13.0865,324.7873864173889,3.4607255300103668
2024-09-04 16:37:02,AEQUITAS,credit,dt,sex,6,7836,769,9.8137,304.350328207016,2.5266935131311374
2024-09-04 16:48:05,AEQUITAS,credit,dt,sex,3,8755,1015,11.5934,328.9848117828369,3.0852488128540174
2024-09-04 16:59:02,AEQUITAS,credit,dt,sex,8,8831,1269,14.3698,323.98540019989014,3.9168431639730112
2024-09-04 17:10:00,AEQUITAS,credit,dt,sex,1,8729,1126,12.8995,324.96735882759094,3.4649633860531543
2024-09-04 17:20:35,AEQUITAS,credit,dt,sex,5,8015,882,11.0044,301.76578187942505,2.922796595779756
2024-09-04 17:31:28,AEQUITAS,credit,dt,sex,8,8700,1229,14.1264,320.5116331577301,3.834494205067386
2024-09-04 17:42:07,AEQUITAS,credit,dt,sex,3,7875,675,8.5714,306.23147439956665,2.204214969488307
2024-09-04 17:52:55,AEQUITAS,credit,dt,sex,4,8054,462,5.7363,315.59584879875183,1.463897582171959
2024-09-04 18:06:14,AEQUITAS,credit,dt,age,89,3166,257,8.1175,360.7836592197418,0.7123382487882288
2024-09-04 18:19:17,AEQUITAS,credit,dt,age,81,3068,359,11.7014,341.63700819015503,1.0508229243132252
2024-09-04 18:32:21,AEQUITAS,credit,dt,age,80,3179,331,10.4121,347.1590802669525,0.9534533843835317
2024-09-04 18:45:15,AEQUITAS,credit,dt,age,85,3090,430,13.9159,333.17850494384766,1.2905994643095904
2024-09-04 18:58:21,AEQUITAS,credit,dt,age,90,3054,336,11.002,348.5583336353302,0.9639706401383333
2024-09-04 19:11:44,AEQUITAS,credit,dt,age,99,3123,280,8.9657,361.2108187675476,0.7751705803147337
2024-09-04 19:24:41,AEQUITAS,credit,dt,age,64,3125,371,11.872,338.4938259124756,1.096031807965471
2024-09-04 19:37:44,AEQUITAS,credit,dt,age,73,3129,364,11.6331,339.02799940109253,1.0736576348945266
2024-09-04 19:50:50,AEQUITAS,credit,dt,age,84,3127,324,10.3614,349.2852475643158,0.9276086014492786
2024-09-04 20:04:19,AEQUITAS,credit,dt,age,85,3119,181,5.8031,371.42624068260193,0.48731075022421877
2024-09-04 20:15:32,AEQUITAS,credit,rf,sex,78,5914,557,9.4183,323.5911707878113,1.7213077805674806
2024-09-04 20:26:32,AEQUITAS,credit,rf,sex,89,5904,817,13.8381,311.03376054763794,2.626724502708343
2024-09-04 20:37:47,AEQUITAS,credit,rf,sex,85,5915,535,9.0448,326.1210603713989,1.6404950952591713
2024-09-04 20:48:52,AEQUITAS,credit,rf,sex,89,5871,714,12.1615,314.9505476951599,2.267022569813339
2024-09-04 21:00:00,AEQUITAS,credit,rf,sex,74,5930,668,11.2648,317.4830756187439,2.104049164504698
2024-09-04 21:11:12,AEQUITAS,credit,rf,sex,72,5887,621,10.5487,321.92643690109253,1.9290121245643261
2024-09-04 21:22:19,AEQUITAS,credit,rf,sex,84,5969,722,12.0958,316.67814779281616,2.2799173388887004
2024-09-04 21:33:27,AEQUITAS,credit,rf,sex,85,6077,729,11.9961,317.5578091144562,2.2956450103774624
2024-09-04 21:44:45,AEQUITAS,credit,rf,sex,74,5997,453,7.5538,329.2746992111206,1.3757510099782997
2024-09-04 21:56:01,AEQUITAS,credit,rf,sex,90,5899,511,8.6625,327.33865547180176,1.5610744147020532
2024-09-04 22:11:05,AEQUITAS,credit,rf,age,181,3060,924,30.1961,404.5776093006134,2.283863413987006
2024-09-04 22:26:53,AEQUITAS,credit,rf,age,194,3130,750,23.9617,450.96133613586426,1.663113752559138
2024-09-04 22:41:03,AEQUITAS,credit,rf,age,206,2373,381,16.0556,349.5834529399872,1.0898685186492683
2024-09-04 22:55:56,AEQUITAS,credit,rf,age,192,3058,969,31.6874,391.3906054496765,2.4757875802529714
2024-09-04 23:09:27,AEQUITAS,credit,rf,age,178,2376,506,21.2963,308.31632137298584,1.6411716309623006
2024-09-04 23:23:14,AEQUITAS,credit,rf,age,193,2396,474,19.783,326.1352183818817,1.4533848946205463
2024-09-04 23:37:17,AEQUITAS,credit,rf,age,200,2424,381,15.7178,346.601788520813,1.0992441834359474
2024-09-04 23:52:29,AEQUITAS,credit,rf,age,210,3099,871,28.1058,413.3393566608429,2.1072273568052244
2024-09-05 00:07:40,AEQUITAS,credit,rf,age,181,3081,886,28.7569,405.70147347450256,2.1838717824022966
2024-09-05 00:21:48,AEQUITAS,credit,rf,age,207,2398,389,16.2219,344.7680380344391,1.12829484489842
2024-09-05 00:32:53,AEQUITAS,credit,mlp,sex,13,7348,255,3.4703,323.86417865753174,0.7873671026447424
2024-09-05 00:43:48,AEQUITAS,credit,mlp,sex,12,7336,347,4.7301,318.96311926841736,1.0879000706912096
2024-09-05 00:54:59,AEQUITAS,credit,mlp,sex,12,7269,49,0.6741,334.01778841018677,0.14669877383843433
2024-09-05 01:05:56,AEQUITAS,credit,mlp,sex,14,7461,331,4.4364,320.69293880462646,1.0321399692609161
2024-09-05 01:16:56,AEQUITAS,credit,mlp,sex,16,7300,293,4.0137,322.4883167743683,0.9085600462388222
2024-09-05 01:27:56,AEQUITAS,credit,mlp,sex,20,7238,319,4.4073,323.4901773929596,0.9861195866002906
2024-09-05 01:39:02,AEQUITAS,credit,mlp,sex,10,7289,112,1.5366,330.11260986328125,0.3392781634315202
2024-09-05 01:50:06,AEQUITAS,credit,mlp,sex,12,7356,204,2.7732,326.79560256004333,0.6242434059758143
2024-09-05 02:01:06,AEQUITAS,credit,mlp,sex,13,7367,348,4.7238,322.9192612171173,1.0776687605699045
2024-09-05 02:12:06,AEQUITAS,credit,mlp,sex,12,7188,309,4.2988,323.03872084617615,0.956541677699185
2024-09-05 02:26:05,AEQUITAS,credit,mlp,age,121,3769,1122,29.7692,386.82153820991516,2.9005623761082506
2024-09-05 02:40:20,AEQUITAS,credit,mlp,age,136,3853,1095,28.4194,403.1204330921173,2.716309842199889
2024-09-05 02:54:04,AEQUITAS,credit,mlp,age,130,3858,1292,33.4889,371.25628304481506,3.480075783240119
2024-09-05 03:07:46,AEQUITAS,credit,mlp,age,147,3873,1319,34.0563,369.87387895584106,3.566080426451186
2024-09-05 03:21:24,AEQUITAS,credit,mlp,age,126,3858,1260,32.6594,367.61396050453186,3.4275085697798655
2024-09-05 03:33:57,AEQUITAS,credit,mlp,age,146,3169,883,27.8637,301.6651029586792,2.9270869959424823
2024-09-05 03:47:51,AEQUITAS,credit,mlp,age,159,3830,1233,32.1932,383.82862520217896,3.212371144415105
2024-09-05 04:00:30,AEQUITAS,credit,mlp,age,125,3159,825,26.1159,307.4090983867645,2.683720177214899
2024-09-05 04:13:08,AEQUITAS,credit,mlp,age,146,3085,842,27.2934,305.13992977142334,2.7593897679360815
2024-09-05 04:27:00,AEQUITAS,credit,mlp,age,141,3877,1229,31.6998,381.1603934764862,3.2243643910390105
2024-09-05 04:37:45,AEQUITAS,credit,svm,sex,1,7254,27,0.3722,310.34593653678894,0.08699968912529768
2024-09-05 04:43:19,AEQUITAS,credit,svm,sex,0,1001,0,0.0,4.0531158447265625e-06,0.0
2024-09-05 04:48:52,AEQUITAS,credit,svm,sex,0,1001,0,0.0,4.0531158447265625e-06,0.0
2024-09-05 04:54:26,AEQUITAS,credit,svm,sex,0,1001,0,0.0,4.291534423828125e-06,0.0
2024-09-05 05:00:00,AEQUITAS,credit,svm,sex,0,1001,0,0.0,4.76837158203125e-06,0.0
2024-09-05 05:10:46,AEQUITAS,credit,svm,sex,1,7288,59,0.8095,311.64229440689087,0.18931961758363766
2024-09-05 05:16:20,AEQUITAS,credit,svm,sex,0,1001,0,0.0,4.291534423828125e-06,0.0
2024-09-05 05:21:54,AEQUITAS,credit,svm,sex,0,1001,0,0.0,4.0531158447265625e-06,0.0
2024-09-05 05:32:39,AEQUITAS,credit,svm,sex,1,7186,23,0.3201,311.3936381340027,0.07386149613661137
2024-09-05 05:38:14,AEQUITAS,credit,svm,sex,0,1001,0,0.0,4.0531158447265625e-06,0.0
2024-09-05 05:52:01,AEQUITAS,credit,svm,age,5,3139,221,7.0405,377.4367537498474,0.5855285628767131
2024-09-05 06:05:57,AEQUITAS,credit,svm,age,1,3144,108,3.4351,386.2039523124695,0.27964498900989876
2024-09-05 06:18:48,AEQUITAS,credit,svm,age,5,3103,476,15.34,324.67689967155457,1.4660728880974438
2024-09-05 06:32:24,AEQUITAS,credit,svm,age,3,3091,244,7.8939,366.2979781627655,0.6661243428746908
2024-09-05 06:45:51,AEQUITAS,credit,svm,age,4,3070,269,8.7622,358.14871644973755,0.7510846406670044
2024-09-05 06:59:20,AEQUITAS,credit,svm,age,3,3120,265,8.4936,361.2762734889984,0.733510666063903
2024-09-05 07:13:07,AEQUITAS,credit,svm,age,6,3131,174,5.5573,378.36910605430603,0.4598684121293623
2024-09-05 07:27:05,AEQUITAS,credit,svm,age,5,3117,111,3.5611,388.8719129562378,0.2854410316141591
2024-09-05 07:40:34,AEQUITAS,credit,svm,age,1,3098,287,9.264,357.46039390563965,0.8028861515655371
2024-09-05 07:48:00,AEQUITAS,credit,svm,age,0,1001,0,0.0,4.291534423828125e-06,0.0
2024-09-05 07:58:56,AEQUITAS,credit,lr,sex,63,8766,902,10.2898,323.95140194892883,2.78436825577375
2024-09-05 08:09:58,AEQUITAS,credit,lr,sex,59,8613,683,7.9299,329.3175537586212,2.073986011995632
2024-09-05 08:20:35,AEQUITAS,credit,lr,sex,67,8059,563,6.986,305.4918837547302,1.8429294850007043
2024-09-05 08:31:35,AEQUITAS,credit,lr,sex,68,8757,856,9.775,327.0875642299652,2.6170362117410635
2024-09-05 08:42:14,AEQUITAS,credit,lr,sex,58,8213,361,4.3955,308.6485016345978,1.1696152681388359
2024-09-05 08:53:14,AEQUITAS,credit,lr,sex,53,8865,851,9.5995,327.2764720916748,2.6002480244336743
2024-09-05 09:04:05,AEQUITAS,credit,lr,sex,64,8682,981,11.2992,318.5601177215576,3.0794815340238486
2024-09-05 09:14:50,AEQUITAS,credit,lr,sex,47,8097,268,3.3099,314.1662654876709,0.8530514871925909
2024-09-05 09:25:51,AEQUITAS,credit,lr,sex,62,8804,703,7.985,329.22282576560974,2.13533189372629
2024-09-05 09:36:49,AEQUITAS,credit,lr,sex,62,8788,899,10.2299,325.92167806625366,2.758331404446348
2024-09-05 09:50:19,AEQUITAS,credit,lr,age,176,3883,947,24.3884,384.268358707428,2.4644235689491714
2024-09-05 10:03:19,AEQUITAS,credit,lr,age,165,3794,1041,27.4381,354.0251405239105,2.9404691386025785
2024-09-05 10:16:54,AEQUITAS,credit,lr,age,195,3807,889,23.3517,383.68028950691223,2.3170332808664753
2024-09-05 10:30:27,AEQUITAS,credit,lr,age,175,3861,884,22.8956,385.836932182312,2.2911233380383105
2024-09-05 10:43:37,AEQUITAS,credit,lr,age,188,3830,1031,26.9191,362.2488193511963,2.8461100352143776
2024-09-05 10:57:12,AEQUITAS,credit,lr,age,166,3830,871,22.7415,386.65213680267334,2.252670856037483
2024-09-05 11:10:17,AEQUITAS,credit,lr,age,171,3873,1034,26.6977,358.09102392196655,2.88753398137487
2024-09-05 11:23:54,AEQUITAS,credit,lr,age,172,3829,901,23.5309,383.77157068252563,2.3477507685042953
2024-09-05 11:37:18,AEQUITAS,credit,lr,age,151,3797,900,23.7029,376.1133017539978,2.3928959592837207
2024-09-05 11:50:34,AEQUITAS,credit,lr,age,171,3784,930,24.5772,370.02334785461426,2.513354915013109
2024-09-05 12:03:24,AEQUITAS,bank,dt,age,237,4101,1042,25.4084,353.3330006599426,2.9490593803969345
2024-09-05 12:15:20,AEQUITAS,bank,dt,age,269,3395,646,19.028,300.45597219467163,2.150065433152526
2024-09-05 12:28:55,AEQUITAS,bank,dt,age,248,4054,754,18.5989,395.838684797287,1.9048163531215527
2024-09-05 12:42:12,AEQUITAS,bank,dt,age,252,4098,868,21.1811,377.78760600090027,2.2975872850575505
2024-09-05 12:54:12,AEQUITAS,bank,dt,age,255,3343,612,18.3069,300.3760139942169,2.037446305588777
2024-09-05 13:07:29,AEQUITAS,bank,dt,age,284,4099,927,22.6153,376.99676847457886,2.458907018622119
2024-09-05 13:21:02,AEQUITAS,bank,dt,age,263,4079,767,18.8036,391.1406500339508,1.960931444822789
2024-09-05 13:33:55,AEQUITAS,bank,dt,age,266,4109,1052,25.6023,358.00877714157104,2.9384754429749553
2024-09-05 13:47:26,AEQUITAS,bank,dt,age,267,4222,819,19.3984,392.63050603866577,2.0859306330093106
2024-09-05 14:00:50,AEQUITAS,bank,dt,age,234,4091,810,19.7996,387.7877399921417,2.0887715532636855
2024-09-05 14:11:58,AEQUITAS,bank,dt,marital,219,7697,819,10.6405,330.9071445465088,2.4750145577013676
2024-09-05 14:23:11,AEQUITAS,bank,dt,marital,212,7799,794,10.1808,334.0186982154846,2.377112431854844
2024-09-05 14:33:48,AEQUITAS,bank,dt,marital,218,7049,621,8.8098,300.7230715751648,2.0650228023651422
2024-09-05 14:44:59,AEQUITAS,bank,dt,marital,202,7962,835,10.4873,331.3942379951477,2.519657568736081
2024-09-05 14:56:15,AEQUITAS,bank,dt,marital,208,7923,646,8.1535,338.36331057548523,1.909190446509372
2024-09-05 15:07:20,AEQUITAS,bank,dt,marital,195,7806,852,10.9147,327.8348808288574,2.598869277869115
2024-09-05 15:18:21,AEQUITAS,bank,dt,marital,225,7800,999,12.8077,323.7422571182251,3.0857880861539257
2024-09-05 15:29:27,AEQUITAS,bank,dt,marital,218,7904,886,11.2095,328.72479128837585,2.695263708366769
2024-09-05 15:40:37,AEQUITAS,bank,dt,marital,228,7716,810,10.4977,331.8115265369415,2.441144852482454
2024-09-05 15:51:47,AEQUITAS,bank,dt,marital,196,7705,717,9.3056,331.8651421070099,2.160516152578638
2024-09-05 16:05:04,AEQUITAS,bank,rf,age,333,3292,1258,38.2139,327.62988448143005,3.839698573257907
2024-09-05 16:18:56,AEQUITAS,bank,rf,age,325,4055,1926,47.4969,357.23500895500183,5.391408881324405
2024-09-05 16:31:46,AEQUITAS,bank,rf,age,379,3427,1482,43.2448,302.8326997756958,4.893791195923352
2024-09-05 16:46:16,AEQUITAS,bank,rf,age,325,4010,1753,43.7157,391.28824281692505,4.480073276365191
2024-09-05 17:01:09,AEQUITAS,bank,rf,age,314,4116,1724,41.8853,411.26125478744507,4.191982541343523
2024-09-05 17:15:22,AEQUITAS,bank,rf,age,375,4121,1916,46.4936,383.9802248477936,4.989840299092188
2024-09-05 17:29:17,AEQUITAS,bank,rf,age,345,4081,1959,48.0029,363.10924458503723,5.395070572325289
2024-09-05 17:43:14,AEQUITAS,bank,rf,age,339,3334,1169,35.063,359.2716472148895,3.2538053282584567
2024-09-05 17:56:17,AEQUITAS,bank,rf,age,336,3576,776,21.7002,304.3180510997772,2.5499637540251325
2024-09-05 18:10:04,AEQUITAS,bank,rf,age,336,3373,1206,35.7545,351.7631833553314,3.4284429328175783
2024-09-05 18:21:44,AEQUITAS,bank,rf,marital,202,7983,2682,33.5964,339.3386995792389,7.90360782111068
2024-09-05 18:33:20,AEQUITAS,bank,rf,marital,181,7267,2439,33.5627,338.1229693889618,7.2133520074298225
2024-09-05 18:44:57,AEQUITAS,bank,rf,marital,198,7063,2366,33.4985,338.67959856987,6.985953715519984
2024-09-05 18:56:14,AEQUITAS,bank,rf,marital,197,6248,1772,28.3611,316.25157499313354,5.603134150520748
2024-09-05 19:07:21,AEQUITAS,bank,rf,marital,208,6253,1893,30.2735,310.0848214626312,6.104781237181995
2024-09-05 19:18:23,AEQUITAS,bank,rf,marital,229,6365,1982,31.139,306.06959223747253,6.475651454007266
2024-09-05 19:30:09,AEQUITAS,bank,rf,marital,219,6982,2209,31.6385,346.00694584846497,6.3842649013394075
2024-09-05 19:41:28,AEQUITAS,bank,rf,marital,198,8631,2448,28.3629,320.9306881427765,7.6278152586982495
2024-09-05 19:53:14,AEQUITAS,bank,rf,marital,214,7150,2280,31.8881,345.4272699356079,6.600521147114475
2024-09-05 20:04:13,AEQUITAS,bank,rf,marital,234,5802,1367,23.5608,301.7572355270386,4.530131639138482
2024-09-05 20:17:25,AEQUITAS,bank,mlp,age,173,5215,1537,29.4727,355.36316418647766,4.325152843341567
2024-09-05 20:30:15,AEQUITAS,bank,mlp,age,176,3418,664,19.4266,330.85008120536804,2.0069512982462783
2024-09-05 20:43:16,AEQUITAS,bank,mlp,age,166,4235,1624,38.3471,330.95878171920776,4.906955457002604
2024-09-05 20:56:08,AEQUITAS,bank,mlp,age,185,4051,1477,36.4601,323.04275727272034,4.5721501774858915
2024-09-05 21:08:38,AEQUITAS,bank,mlp,age,187,3417,945,27.6558,307.0586643218994,3.077587802600894
2024-09-05 21:22:03,AEQUITAS,bank,mlp,age,163,4144,1341,32.36,345.21794843673706,3.884502547079313
2024-09-05 21:35:20,AEQUITAS,bank,mlp,age,164,4162,1417,34.0461,339.06298303604126,4.1791645531808985
2024-09-05 21:48:11,AEQUITAS,bank,mlp,age,166,4139,1553,37.5211,310.7122311592102,4.998193969403916
2024-09-05 22:00:52,AEQUITAS,bank,mlp,age,181,4087,1505,36.8241,318.71746253967285,4.7220506463861005
2024-09-05 22:14:08,AEQUITAS,bank,mlp,age,169,4116,1382,33.5763,344.27610445022583,4.014219930270544
2024-09-05 22:25:14,AEQUITAS,bank,mlp,marital,15,9852,79,0.8019,314.845547914505,0.2509166812847934
2024-09-05 22:36:22,AEQUITAS,bank,mlp,marital,5,7673,79,1.0296,322.4044578075409,0.24503383277398413
2024-09-05 22:47:22,AEQUITAS,bank,mlp,marital,3,6236,61,0.9782,315.01005578041077,0.193644611912079
2024-09-05 22:58:20,AEQUITAS,bank,mlp,marital,3,6449,76,1.1785,313.7398178577423,0.24223893708786542
2024-09-05 23:09:38,AEQUITAS,bank,mlp,marital,3,6590,184,2.7921,333.2902753353119,0.5520713132565417
2024-09-05 23:20:53,AEQUITAS,bank,mlp,marital,5,6526,207,3.1719,328.8781940937042,0.6294123590967585
2024-09-05 23:31:57,AEQUITAS,bank,mlp,marital,6,6802,101,1.4849,318.3220224380493,0.31728876069093287
2024-09-05 23:43:11,AEQUITAS,bank,mlp,marital,4,6978,80,1.1465,326.49805545806885,0.2450244301999347
2024-09-05 23:54:12,AEQUITAS,bank,mlp,marital,6,6343,57,0.8986,317.1561276912689,0.17972220942073625
2024-09-06 00:05:14,AEQUITAS,bank,mlp,marital,7,6490,59,0.9091,317.26459074020386,0.18596465449342534
2024-09-06 00:18:33,AEQUITAS,bank,svm,age,8,2645,19,0.7183,324.678994178772,0.05851933861030253
2024-09-06 00:31:34,AEQUITAS,bank,svm,age,4,2655,104,3.9171,307.2653090953827,0.3384697097963501
2024-09-06 00:44:28,AEQUITAS,bank,svm,age,8,2639,124,4.6987,301.76597833633423,0.4109144466305456
2024-09-06 00:57:35,AEQUITAS,bank,svm,age,9,2596,75,2.8891,313.94396138191223,0.2388961382466683
2024-09-06 01:10:56,AEQUITAS,bank,svm,age,19,2625,56,2.1333,320.4827628135681,0.17473638678213851
2024-09-06 01:26:10,AEQUITAS,bank,svm,age,11,3478,272,7.8206,434.4801290035248,0.6260355349825294
2024-09-06 01:40:49,AEQUITAS,bank,svm,age,14,3326,422,12.6879,404.8805179595947,1.0422828001867794
2024-09-06 01:53:52,AEQUITAS,bank,svm,age,7,2597,112,4.3127,309.00376176834106,0.36245513439401417
2024-09-06 02:08:39,AEQUITAS,bank,svm,age,10,3353,398,11.87,411.329359292984,0.9675944374214005
2024-09-06 02:23:45,AEQUITAS,bank,svm,age,19,3732,467,12.5134,430.0549759864807,1.085907677102847
2024-09-06 02:34:57,AEQUITAS,bank,svm,marital,7,5859,226,3.8573,317.66181659698486,0.711448427831427
2024-09-06 02:46:09,AEQUITAS,bank,svm,marital,6,6063,261,4.3048,317.43611001968384,0.8222126965448754
2024-09-06 02:57:14,AEQUITAS,bank,svm,marital,4,5632,332,5.8949,310.2031412124634,1.0702664025333244
2024-09-06 03:08:33,AEQUITAS,bank,svm,marital,9,5705,170,2.9798,320.8126127719879,0.5299043529838542
2024-09-06 03:20:16,AEQUITAS,bank,svm,marital,2,6252,568,9.0851,350.14808320999146,1.6221708106834274
2024-09-06 03:31:34,AEQUITAS,bank,svm,marital,6,5667,148,2.6116,321.83119654655457,0.45986840799813833
2024-09-06 03:42:49,AEQUITAS,bank,svm,marital,3,6336,475,7.4968,316.79860973358154,1.4993752668279108
2024-09-06 03:54:15,AEQUITAS,bank,svm,marital,5,6679,290,4.342,331.9628620147705,0.8735916970950101
2024-09-06 04:05:19,AEQUITAS,bank,svm,marital,5,5551,303,5.4585,310.80521941185,0.9748871031618448
2024-09-06 04:17:03,AEQUITAS,bank,svm,marital,3,6308,577,9.1471,348.40351009368896,1.65612567980397
2024-09-06 04:29:56,AEQUITAS,bank,lr,age,8,3393,41,1.2084,352.4155571460724,0.1163399264550797
2024-09-06 04:42:44,AEQUITAS,bank,lr,age,2,3580,18,0.5028,347.8734641075134,0.05174295212823976
2024-09-06 04:55:17,AEQUITAS,bank,lr,age,6,3444,114,3.3101,329.06701946258545,0.34643398838989903
2024-09-06 05:07:47,AEQUITAS,bank,lr,age,1,3519,83,2.3586,330.2024140357971,0.2513609727607927
2024-09-06 05:20:59,AEQUITAS,bank,lr,age,6,4700,167,3.5532,369.2920243740082,0.45221664422101704
2024-09-06 05:34:04,AEQUITAS,bank,lr,age,5,3439,158,4.5944,361.9574704170227,0.43651537242196764
2024-09-06 05:46:51,AEQUITAS,bank,lr,age,2,3473,142,4.0887,344.4473223686218,0.4122546200200504
2024-09-06 05:59:40,AEQUITAS,bank,lr,age,2,4335,83,1.9146,347.72712445259094,0.23869291223876385
2024-09-06 06:12:11,AEQUITAS,bank,lr,age,4,3333,73,2.1902,330.121746301651,0.22113053992297663
2024-09-06 06:24:56,AEQUITAS,bank,lr,age,5,3417,107,3.1314,344.2997224330902,0.31077573703473993
2024-09-06 06:35:53,AEQUITAS,bank,lr,marital,4,7592,132,1.7387,317.48630595207214,0.41576596383948217
2024-09-06 06:46:32,AEQUITAS,bank,lr,marital,2,7309,236,3.2289,301.9553029537201,0.7815726290992515
2024-09-06 06:57:25,AEQUITAS,bank,lr,marital,4,7430,267,3.5935,316.38148856163025,0.8439178954933994
2024-09-06 07:08:11,AEQUITAS,bank,lr,marital,4,8931,137,1.534,308.1177399158478,0.44463522300733815
2024-09-06 07:18:56,AEQUITAS,bank,lr,marital,6,9084,413,4.5465,306.11885809898376,1.349149159136273
2024-09-06 07:29:53,AEQUITAS,bank,lr,marital,4,7515,110,1.4637,319.0637881755829,0.34475864725666167
2024-09-06 07:40:41,AEQUITAS,bank,lr,marital,8,7344,182,2.4782,310.5840554237366,0.5859927347258489
2024-09-06 07:51:25,AEQUITAS,bank,lr,marital,5,7332,274,3.737,305.8162934780121,0.8959627261315308
2024-09-06 08:02:26,AEQUITAS,bank,lr,marital,4,7463,270,3.6178,323.31135296821594,0.8351083174816417
2024-09-06 08:13:10,AEQUITAS,bank,lr,marital,6,7245,207,2.8571,305.38843393325806,0.6778252775782575
2024-09-06 08:24:38,AEQUITAS,meps,dt,SEX,50,9064,664,7.3257,320.6523094177246,2.0707787859247406
2024-09-06 08:36:06,AEQUITAS,meps,dt,SEX,44,8724,822,9.4223,319.6401479244232,2.571641908369897
2024-09-06 08:47:41,AEQUITAS,meps,dt,SEX,50,9368,578,6.1699,327.1793382167816,1.766615224391188
2024-09-06 08:59:16,AEQUITAS,meps,dt,SEX,68,7952,406,5.1056,327.53803277015686,1.2395507067263307
2024-09-06 09:10:50,AEQUITAS,meps,dt,SEX,48,9297,557,5.9912,326.1022946834564,1.7080529915947793
2024-09-06 09:22:15,AEQUITAS,meps,dt,SEX,40,8972,679,7.568,315.338250875473,2.1532433763265115
2024-09-06 09:33:56,AEQUITAS,meps,dt,SEX,72,9573,389,4.0635,333.41591787338257,1.166710943140171
2024-09-06 09:45:36,AEQUITAS,meps,dt,SEX,56,10403,375,3.6047,330.9768421649933,1.133009782639297
2024-09-06 09:57:16,AEQUITAS,meps,dt,SEX,31,8655,340,3.9284,332.0747277736664,1.0238659300557653
2024-09-06 10:08:56,AEQUITAS,meps,dt,SEX,56,9014,462,5.1254,332.40981340408325,1.3898506643616584
2024-09-06 10:21:50,AEQUITAS,meps,rf,SEX,249,5345,762,14.2563,364.3727126121521,2.0912652721365905
2024-09-06 10:34:26,AEQUITAS,meps,rf,SEX,252,4269,724,16.9595,350.2475965023041,2.0671091171791587
2024-09-06 10:46:45,AEQUITAS,meps,rf,SEX,214,4342,814,18.7471,334.29489970207214,2.4349758274070203
2024-09-06 10:59:36,AEQUITAS,meps,rf,SEX,227,7025,894,12.726,367.037957906723,2.4357153824052067
2024-09-06 11:12:04,AEQUITAS,meps,rf,SEX,270,4284,808,18.8609,344.088591337204,2.3482324620526773
2024-09-06 11:24:17,AEQUITAS,meps,rf,SEX,214,4551,927,20.3691,326.80939626693726,2.836515750736947
2024-09-06 11:36:58,AEQUITAS,meps,rf,SEX,221,4273,639,14.9544,357.13912320137024,1.789218706346279
2024-09-06 11:49:25,AEQUITAS,meps,rf,SEX,264,4402,823,18.696,341.6317539215088,2.409026650927441
2024-09-06 12:01:39,AEQUITAS,meps,rf,SEX,251,4304,870,20.2138,332.1227512359619,2.619513408107036
2024-09-06 12:13:49,AEQUITAS,meps,rf,SEX,262,5252,1202,22.8865,327.9509451389313,3.6651823018555154
2024-09-06 12:25:48,AEQUITAS,meps,mlp,SEX,211,5023,813,16.1855,334.57475233078003,2.429950240824571
2024-09-06 12:37:15,AEQUITAS,meps,mlp,SEX,194,5601,597,10.6588,303.10705399513245,1.9696011429994207
2024-09-06 12:49:20,AEQUITAS,meps,mlp,SEX,179,5076,713,14.0465,338.0164020061493,2.1093650952092817
2024-09-06 13:01:22,AEQUITAS,meps,mlp,SEX,190,4951,630,12.7247,344.9432258605957,1.8263875118237756
2024-09-06 13:13:33,AEQUITAS,meps,mlp,SEX,206,5096,581,11.4011,349.7381489276886,1.6612428520633784
2024-09-06 13:25:34,AEQUITAS,meps,mlp,SEX,186,5639,1050,18.6203,338.1018736362457,3.105572852073767
2024-09-06 13:37:33,AEQUITAS,meps,mlp,SEX,191,5025,735,14.6269,337.21595764160156,2.179612154597884
2024-09-06 13:49:24,AEQUITAS,meps,mlp,SEX,184,5215,937,17.9674,328.8074541091919,2.8496920866302404
2024-09-06 14:01:40,AEQUITAS,meps,mlp,SEX,228,6037,1009,16.7136,352.1774320602417,2.865033100211275
2024-09-06 14:13:55,AEQUITAS,meps,mlp,SEX,160,5698,718,12.6009,352.5513451099396,2.0365827842072166
2024-09-06 14:25:55,AEQUITAS,meps,svm,SEX,1,4270,148,3.466,333.7327880859375,0.4434685631244881
2024-09-06 14:38:53,AEQUITAS,meps,svm,SEX,7,4438,181,4.0784,374.7246980667114,0.48302127117272897
2024-09-06 14:51:45,AEQUITAS,meps,svm,SEX,5,4359,143,3.2806,368.95339488983154,0.38758282748068873
2024-09-06 15:04:38,AEQUITAS,meps,svm,SEX,3,4281,77,1.7986,376.2677743434906,0.20464149536682769
2024-09-06 15:17:13,AEQUITAS,meps,svm,SEX,5,5815,126,2.1668,365.18792247772217,0.3450278397629277
2024-09-06 15:29:58,AEQUITAS,meps,svm,SEX,7,4420,170,3.8462,366.0835030078888,0.464374927040448
2024-09-06 15:42:31,AEQUITAS,meps,svm,SEX,7,4362,194,4.4475,360.3432946205139,0.5383754960788323
2024-09-06 15:54:53,AEQUITAS,meps,svm,SEX,7,4661,115,2.4673,346.58266496658325,0.33181117125718923
2024-09-06 16:07:46,AEQUITAS,meps,svm,SEX,2,4333,159,3.6695,372.3793020248413,0.4269839895381542
2024-09-06 16:20:45,AEQUITAS,meps,svm,SEX,7,4284,85,1.9841,375.33467841148376,0.22646455254212752
2024-09-06 16:32:06,AEQUITAS,meps,lr,SEX,202,5075,570,11.2315,301.5973243713379,1.8899371908823526
2024-09-06 16:43:22,AEQUITAS,meps,lr,SEX,174,6737,1067,15.8379,309.45761132240295,3.4479681900225256
2024-09-06 16:54:42,AEQUITAS,meps,lr,SEX,169,5358,673,12.5607,308.7628903388977,2.1796660837748867
2024-09-06 17:06:00,AEQUITAS,meps,lr,SEX,181,6413,919,14.3303,306.0434641838074,3.002841450807966
2024-09-06 17:17:25,AEQUITAS,meps,lr,SEX,186,4957,499,10.0666,310.5671536922455,1.6067378474108722
2024-09-06 17:29:11,AEQUITAS,meps,lr,SEX,163,5745,936,16.2924,336.8250527381897,2.7788906804611777
2024-09-06 17:40:23,AEQUITAS,meps,lr,SEX,172,5318,708,13.3133,301.5528755187988,2.3478469531485637
2024-09-06 17:52:35,AEQUITAS,meps,lr,SEX,174,5816,850,14.6149,358.35363602638245,2.3719586312148424
2024-09-06 18:04:04,AEQUITAS,meps,lr,SEX,178,7329,933,12.7302,322.6409025192261,2.8917598255986863
2024-09-06 18:16:06,AEQUITAS,meps,lr,SEX,165,5721,753,13.162,354.27070474624634,2.125493273679944
2024-09-06 18:26:50,AEQUITAS,compas,dt,sex,120,18645,1058,5.6744,319.37447118759155,3.3127256416764777
2024-09-06 18:37:17,AEQUITAS,compas,dt,sex,89,17653,1821,10.3155,302.841680765152,6.013042839410706
2024-09-06 18:47:52,AEQUITAS,compas,dt,sex,92,19627,1271,6.4758,311.85714411735535,4.0755840421655
2024-09-06 18:58:27,AEQUITAS,compas,dt,sex,85,16820,1200,7.1344,311.8191075325012,3.848385076514026
2024-09-06 19:09:02,AEQUITAS,compas,dt,sex,122,18116,1519,8.3849,311.54343843460083,4.875724578352397
2024-09-06 19:19:35,AEQUITAS,compas,dt,sex,111,19310,1335,6.9135,310.5499196052551,4.298825778789251
2024-09-06 19:30:12,AEQUITAS,compas,dt,sex,123,20322,1379,6.7857,314.080442905426,4.390594929259049
2024-09-06 19:40:47,AEQUITAS,compas,dt,sex,85,15415,1122,7.2786,311.0321753025055,3.6073438347938076
2024-09-06 19:51:19,AEQUITAS,compas,dt,sex,108,17675,1414,8.0,308.5716428756714,4.582404224907095
2024-09-06 20:01:54,AEQUITAS,compas,dt,sex,118,15496,1108,7.1502,310.45765137672424,3.5689247634470425
2024-09-06 20:14:27,AEQUITAS,compas,dt,age,543,6583,2135,32.432,336.83910870552063,6.338337636044838
2024-09-06 20:26:27,AEQUITAS,compas,dt,age,551,5310,1475,27.7778,310.7579245567322,4.746459811455984
2024-09-06 20:39:48,AEQUITAS,compas,dt,age,518,6421,1728,26.9117,382.366375207901,4.519225831665895
2024-09-06 20:52:20,AEQUITAS,compas,dt,age,530,7645,3500,45.7816,331.6387162208557,10.553653203955733
2024-09-06 21:04:33,AEQUITAS,compas,dt,age,530,6296,2309,36.6741,322.12304496765137,7.168068339326288
2024-09-06 21:17:10,AEQUITAS,compas,dt,age,577,6212,2172,34.9646,341.15141320228577,6.366674490989467
2024-09-06 21:29:29,AEQUITAS,compas,dt,age,532,5517,1369,24.8142,319.92967915534973,4.2790653359022945
2024-09-06 21:42:15,AEQUITAS,compas,dt,age,571,6621,2336,35.2817,350.2574112415314,6.6693806469926065
2024-09-06 21:54:36,AEQUITAS,compas,dt,age,525,7243,2617,36.1314,321.85112285614014,8.131088612574882
2024-09-06 22:07:23,AEQUITAS,compas,dt,age,557,9365,4534,48.4143,346.1620235443115,13.09791280273011
2024-09-06 22:18:56,AEQUITAS,compas,dt,race,941,10861,6064,55.8328,316.26088428497314,19.174043649786018
2024-09-06 22:30:24,AEQUITAS,compas,dt,race,838,13339,9098,68.206,316.23912024497986,28.7693691816246
2024-09-06 22:41:41,AEQUITAS,compas,dt,race,807,10570,6611,62.5449,303.45268726348877,21.785933285407523
2024-09-06 22:53:02,AEQUITAS,compas,dt,race,884,9628,3803,39.4994,311.3193805217743,12.215750891017883
2024-09-06 23:04:43,AEQUITAS,compas,dt,race,903,10400,5636,54.1923,317.4209327697754,17.755602791602207
2024-09-06 23:16:04,AEQUITAS,compas,dt,race,865,9654,4797,49.6892,308.5339708328247,15.547720683889278
2024-09-06 23:27:26,AEQUITAS,compas,dt,race,862,10004,5060,50.5798,322.3455424308777,15.697440584539939
2024-09-06 23:38:38,AEQUITAS,compas,dt,race,870,10867,6991,64.3324,300.2894241809845,23.280873174496225
2024-09-06 23:50:12,AEQUITAS,compas,dt,race,862,9322,4626,49.6245,323.03202748298645,14.320561450346107
2024-09-07 00:01:48,AEQUITAS,compas,dt,race,879,10329,5665,54.8456,328.3040511608124,17.255346012240118
2024-09-07 00:12:33,AEQUITAS,compas,rf,sex,93,10719,704,6.5678,308.0456233024597,2.2853757584757695
2024-09-07 00:23:25,AEQUITAS,compas,rf,sex,86,14356,786,5.4751,315.71116948127747,2.489617333752938
2024-09-07 00:34:07,AEQUITAS,compas,rf,sex,105,11463,869,7.5809,307.35107421875,2.8273855954754508
2024-09-07 00:44:48,AEQUITAS,compas,rf,sex,77,10828,873,8.0624,305.2916476726532,2.8595607074585545
2024-09-07 00:55:29,AEQUITAS,compas,rf,sex,66,12373,1069,8.6398,306.2949290275574,3.4901002226642217
2024-09-07 01:06:20,AEQUITAS,compas,rf,sex,76,11199,626,5.5898,314.5461814403534,1.990168811248808
2024-09-07 01:17:04,AEQUITAS,compas,rf,sex,100,14370,1182,8.2255,307.5091063976288,3.843788607910684
2024-09-07 01:27:58,AEQUITAS,compas,rf,sex,105,10759,422,3.9223,316.70021653175354,1.3324904056631384
2024-09-07 01:38:42,AEQUITAS,compas,rf,sex,92,11401,940,8.2449,307.6323621273041,3.0555953005068117
2024-09-07 01:49:30,AEQUITAS,compas,rf,sex,75,13553,994,7.3342,311.16868805885315,3.194408814719812
2024-09-07 02:04:36,AEQUITAS,compas,rf,age,212,4394,490,11.1516,430.8592462539673,1.1372623525205088
2024-09-07 02:19:21,AEQUITAS,compas,rf,age,247,4558,713,15.6428,410.969539642334,1.7349217672446542
2024-09-07 02:33:55,AEQUITAS,compas,rf,age,223,4560,689,15.1096,406.9091491699219,1.693252661940711
2024-09-07 02:48:48,AEQUITAS,compas,rf,age,188,4802,649,13.5152,419.27351212501526,1.54791557594625
2024-09-07 03:03:53,AEQUITAS,compas,rf,age,245,5374,604,11.2393,436.6471674442291,1.3832678762931538
2024-09-07 03:18:26,AEQUITAS,compas,rf,age,263,4581,661,14.4292,406.58479261398315,1.6257371451360747
2024-09-07 03:31:19,AEQUITAS,compas,rf,age,225,3670,316,8.6104,305.47375559806824,1.0344587520499857
2024-09-07 03:45:48,AEQUITAS,compas,rf,age,266,4796,817,17.035,401.51167583465576,2.0348100669840647
2024-09-07 04:00:04,AEQUITAS,compas,rf,age,234,4518,810,17.9283,375.2001347541809,2.158847838715959
2024-09-07 04:14:29,AEQUITAS,compas,rf,age,198,4592,721,15.7012,386.3247547149658,1.8663054624391358
2024-09-07 04:27:16,AEQUITAS,compas,rf,race,222,6706,925,13.7936,365.8786344528198,2.528160742108813
2024-09-07 04:40:17,AEQUITAS,compas,rf,race,210,5988,657,10.9719,384.1451098918915,1.7102911974719581
2024-09-07 04:53:00,AEQUITAS,compas,rf,race,245,5584,794,14.2192,363.3161733150482,2.185424317214433
2024-09-07 05:06:14,AEQUITAS,compas,rf,race,221,7427,629,8.4691,396.582848072052,1.5860494296660101
2024-09-07 05:18:45,AEQUITAS,compas,rf,race,210,6514,2001,30.7185,352.61718559265137,5.674709236411367
2024-09-07 05:31:47,AEQUITAS,compas,rf,race,236,6969,789,11.3216,379.25368762016296,2.080401656608844
2024-09-07 05:43:57,AEQUITAS,compas,rf,race,238,5432,1047,19.2747,333.4530472755432,3.1398723405122446
2024-09-07 05:56:42,AEQUITAS,compas,rf,race,230,6245,1759,28.1665,366.77320075035095,4.795879296528229
2024-09-07 06:09:54,AEQUITAS,compas,rf,race,254,7832,861,10.9934,388.7516210079193,2.2147817615980063
2024-09-07 06:22:31,AEQUITAS,compas,rf,race,233,6591,1148,17.4177,355.2273530960083,3.231733114002983
2024-09-07 06:33:00,AEQUITAS,compas,mlp,sex,7,14487,319,2.202,300.69471192359924,1.0608766544622568
2024-09-07 06:43:39,AEQUITAS,compas,mlp,sex,3,16261,138,0.8487,311.5744616985321,0.44291178181838176
2024-09-07 06:54:15,AEQUITAS,compas,mlp,sex,5,14225,139,0.9772,309.4817728996277,0.4491379207817871
2024-09-07 07:05:03,AEQUITAS,compas,mlp,sex,8,17183,158,0.9195,320.1333658695221,0.4935443063576092
2024-09-07 07:15:43,AEQUITAS,compas,mlp,sex,2,13532,144,1.0641,314.1272294521332,0.45841298206191566
2024-09-07 07:26:11,AEQUITAS,compas,mlp,sex,5,13383,115,0.8593,300.60649847984314,0.3825599266201865
2024-09-07 07:36:52,AEQUITAS,compas,mlp,sex,6,14492,71,0.4899,314.6119945049286,0.22567480337717302
2024-09-07 07:47:20,AEQUITAS,compas,mlp,sex,8,13228,259,1.958,300.05387568473816,0.8631783189233896
2024-09-07 07:57:53,AEQUITAS,compas,mlp,sex,5,13059,416,3.1855,305.309002161026,1.362553993021776
2024-09-07 08:08:30,AEQUITAS,compas,mlp,sex,9,14782,150,1.0147,309.8021454811096,0.4841799909650605
2024-09-07 08:21:46,AEQUITAS,compas,mlp,age,20,5003,112,2.2387,360.92592453956604,0.3103129822078551
2024-09-07 08:35:20,AEQUITAS,compas,mlp,age,17,5082,242,4.7619,375.49871492385864,0.6444762402158188
2024-09-07 08:48:38,AEQUITAS,compas,mlp,age,16,4952,64,1.2924,364.8967356681824,0.17539208697717204
2024-09-07 09:01:58,AEQUITAS,compas,mlp,age,17,4911,113,2.301,359.1753885746002,0.31460952947930076
2024-09-07 09:15:30,AEQUITAS,compas,mlp,age,27,4746,152,3.2027,371.6009316444397,0.4090409551110564
2024-09-07 09:28:35,AEQUITAS,compas,mlp,age,17,4984,39,0.7825,353.4868230819702,0.11032943083979194
2024-09-07 09:42:12,AEQUITAS,compas,mlp,age,13,6110,121,1.9804,369.0995008945465,0.3278248811140232
2024-09-07 09:55:21,AEQUITAS,compas,mlp,age,20,4748,53,1.1163,349.2643609046936,0.15174751830594738
2024-09-07 10:08:30,AEQUITAS,compas,mlp,age,15,4778,201,4.2068,354.89231753349304,0.5663689803063449
2024-09-07 10:21:55,AEQUITAS,compas,mlp,age,18,5236,23,0.4393,360.1165597438812,0.06386820982727884
2024-09-07 10:33:33,AEQUITAS,compas,mlp,race,16,5764,125,2.1686,316.4893798828125,0.39495796050497534
2024-09-07 10:45:35,AEQUITAS,compas,mlp,race,11,7001,187,2.671,338.54521322250366,0.5523634442206604
2024-09-07 10:57:28,AEQUITAS,compas,mlp,race,13,6547,61,0.9317,330.55152010917664,0.18454006800468664
2024-09-07 11:09:21,AEQUITAS,compas,mlp,race,7,6086,148,2.4318,333.26813101768494,0.4440868664761298
2024-09-07 11:20:58,AEQUITAS,compas,mlp,race,9,6142,88,1.4328,318.0429401397705,0.276692197479141
2024-09-07 11:32:45,AEQUITAS,compas,mlp,race,9,5651,215,3.8046,328.1128602027893,0.655262338291525
2024-09-07 11:44:32,AEQUITAS,compas,mlp,race,9,6167,56,0.9081,327.64809107780457,0.1709150809204685
2024-09-07 11:56:10,AEQUITAS,compas,mlp,race,8,6286,47,0.7477,321.67918705940247,0.1461083025906827
2024-09-07 12:07:42,AEQUITAS,compas,mlp,race,10,6222,227,3.6483,310.9720845222473,0.7299690592766379
2024-09-07 12:19:21,AEQUITAS,compas,mlp,race,14,5806,104,1.7913,318.4573760032654,0.3265743168056927
2024-09-07 12:30:12,AEQUITAS,compas,svm,sex,2,13714,132,0.9625,322.6616177558899,0.4090973104209277
2024-09-07 12:40:41,AEQUITAS,compas,svm,sex,3,13785,100,0.7254,301.25163745880127,0.331948403147438
2024-09-07 12:48:13,AEQUITAS,compas,svm,sex,1,7085,35,0.494,123.89734888076782,0.2824919202563578
2024-09-07 12:58:59,AEQUITAS,compas,svm,sex,6,12610,82,0.6503,315.79689145088196,0.2596605673452426
2024-09-07 13:09:54,AEQUITAS,compas,svm,sex,5,15039,96,0.6383,326.31294989585876,0.29419610846164074
2024-09-07 13:20:44,AEQUITAS,compas,svm,sex,4,14923,61,0.4088,321.6538419723511,0.18964486674853234
2024-09-07 13:31:29,AEQUITAS,compas,svm,sex,1,14823,72,0.4857,318.364111661911,0.22615614437239365
2024-09-07 13:42:17,AEQUITAS,compas,svm,sex,6,15059,122,0.8101,319.7983775138855,0.3814903657374022
2024-09-07 13:52:58,AEQUITAS,compas,svm,sex,5,13045,40,0.3066,310.24635457992554,0.1289297985601156
2024-09-07 14:03:35,AEQUITAS,compas,svm,sex,1,12561,72,0.5732,308.8340814113617,0.2331348913013821
2024-09-07 14:16:27,AEQUITAS,compas,svm,age,76,4790,431,8.9979,328.8910768032074,1.3104642551852803
2024-09-07 14:29:08,AEQUITAS,compas,svm,age,75,4929,475,9.6368,323.3578372001648,1.4689608395233227
2024-09-07 14:43:15,AEQUITAS,compas,svm,age,97,6093,1295,21.2539,410.1857855319977,3.1571059887422157
2024-09-07 14:57:21,AEQUITAS,compas,svm,age,97,5764,858,14.8855,404.1385586261749,2.1230342457712466
2024-09-07 15:10:36,AEQUITAS,compas,svm,age,97,5293,317,5.989,340.0505223274231,0.9322144186997351
2024-09-07 15:24:36,AEQUITAS,compas,svm,age,83,5451,712,13.0618,402.88701462745667,1.7672448457004137
2024-09-07 15:37:40,AEQUITAS,compas,svm,age,112,4941,576,11.6576,329.2534794807434,1.7494120363082988
2024-09-07 15:50:59,AEQUITAS,compas,svm,age,102,4987,563,11.2894,357.80444169044495,1.573485218182619
2024-09-07 16:04:43,AEQUITAS,compas,svm,age,90,5446,413,7.5835,381.49249625205994,1.0825901008734977
2024-09-07 16:17:45,AEQUITAS,compas,svm,age,87,4827,564,11.6843,339.21712136268616,1.6626519255110923
2024-09-07 16:29:35,AEQUITAS,compas,svm,race,41,7431,596,8.0205,325.9743101596832,1.8283649398875659
2024-09-07 16:41:59,AEQUITAS,compas,svm,race,37,6850,665,9.708,361.3348717689514,1.8403980682640046
2024-09-07 16:53:58,AEQUITAS,compas,svm,race,46,5900,314,5.322,326.3592984676361,0.9621297798908532
2024-09-07 17:06:06,AEQUITAS,compas,svm,race,40,6937,344,4.9589,339.88296818733215,1.0121130865563075
2024-09-07 17:17:44,AEQUITAS,compas,svm,race,48,6210,1174,18.905,313.81048917770386,3.741111404772675
2024-09-07 17:30:06,AEQUITAS,compas,svm,race,36,6267,853,13.611,353.9647448062897,2.409844518461328
2024-09-07 17:42:46,AEQUITAS,compas,svm,race,44,6920,555,8.0202,377.22867941856384,1.4712561114267386
2024-09-07 17:55:06,AEQUITAS,compas,svm,race,38,7543,130,1.7235,338.99786376953125,0.38348324250320615
2024-09-07 18:07:26,AEQUITAS,compas,svm,race,44,6288,423,6.7271,354.40228033065796,1.1935589116563816
2024-09-07 18:19:52,AEQUITAS,compas,svm,race,48,6512,316,4.8526,353.4922516345978,0.8939375574394394
2024-09-07 18:30:20,AEQUITAS,compas,lr,sex,10,20273,107,0.5278,302.8523325920105,0.35330749835810493
2024-09-07 18:41:07,AEQUITAS,compas,lr,sex,5,16996,392,2.3064,324.6275510787964,1.2075376803272326
2024-09-07 18:51:34,AEQUITAS,compas,lr,sex,7,16666,84,0.504,304.7650566101074,0.2756221495152019
2024-09-07 19:02:02,AEQUITAS,compas,lr,sex,4,16217,284,1.7512,305.04144072532654,0.931021042008934
2024-09-07 19:12:31,AEQUITAS,compas,lr,sex,4,15483,243,1.5695,306.58591532707214,0.792600011454416
2024-09-07 19:23:07,AEQUITAS,compas,lr,sex,8,16384,240,1.4648,312.4550018310547,0.7681106034262453
2024-09-07 19:33:32,AEQUITAS,compas,lr,sex,2,15111,148,0.9794,302.7007899284363,0.4889316609810955
2024-09-07 19:44:01,AEQUITAS,compas,lr,sex,1,16528,114,0.6897,306.1790728569031,0.37233112941484225
2024-09-07 19:54:30,AEQUITAS,compas,lr,sex,3,15470,272,1.7582,307.95885491371155,0.8832348726462598
2024-09-07 20:05:01,AEQUITAS,compas,lr,sex,4,14887,235,1.5786,307.49622797966003,0.7642370169677156
2024-09-07 20:16:59,AEQUITAS,compas,lr,age,12,5346,76,1.4216,308.8752930164337,0.24605399563621433
2024-09-07 20:28:55,AEQUITAS,compas,lr,age,31,5819,227,3.901,306.57983589172363,0.7404270386528967
2024-09-07 20:41:08,AEQUITAS,compas,lr,age,30,4558,205,4.4976,317.5056240558624,0.6456578544382949
2024-09-07 20:54:31,AEQUITAS,compas,lr,age,24,5802,147,2.5336,395.562374830246,0.37162280680280696
2024-09-07 21:08:01,AEQUITAS,compas,lr,age,15,6525,287,4.3985,396.5560781955719,0.7237311840129166
2024-09-07 21:21:31,AEQUITAS,compas,lr,age,25,5729,133,2.3215,396.7539336681366,0.3352203688829646
2024-09-07 21:33:25,AEQUITAS,compas,lr,age,6,4963,115,2.3171,308.2065861225128,0.3731263547829807
2024-09-07 21:45:51,AEQUITAS,compas,lr,age,35,5943,503,8.4637,330.7107000350952,1.5209668146407762
2024-09-07 21:59:27,AEQUITAS,compas,lr,age,31,6007,307,5.1107,400.59098172187805,0.766367726703203
2024-09-07 22:12:51,AEQUITAS,compas,lr,age,13,7186,220,3.0615,393.14446353912354,0.5595907367473505
2024-09-07 22:24:51,AEQUITAS,compas,lr,race,9,7740,143,1.8475,350.4616401195526,0.40803324424099185
2024-09-07 22:36:18,AEQUITAS,compas,lr,race,8,7314,221,3.0216,318.1483201980591,0.6946445603183425
2024-09-07 22:48:22,AEQUITAS,compas,lr,race,5,7170,66,0.9205,356.95535802841187,0.18489707050355222
2024-09-07 23:00:15,AEQUITAS,compas,lr,race,1,6548,154,2.3519,350.43283677101135,0.43945653443609956
2024-09-07 23:12:11,AEQUITAS,compas,lr,race,7,7465,49,0.6564,348.8679428100586,0.14045429226117828
2024-09-07 23:23:24,AEQUITAS,compas,lr,race,7,6420,110,1.7134,304.43148136138916,0.361329253821222
2024-09-07 23:35:19,AEQUITAS,compas,lr,race,6,7123,67,0.9406,350.7464802265167,0.19102116137197017
2024-09-07 23:47:33,AEQUITAS,compas,lr,race,16,6653,172,2.5853,360.38497042655945,0.4772674060086831
2024-09-07 23:59:22,AEQUITAS,compas,lr,race,9,8645,63,0.7287,342.54444193840027,0.18391774113599332
2024-09-08 00:11:16,AEQUITAS,compas,lr,race,5,8144,52,0.6385,348.75567412376404,0.14910151678721245
